{
  "normal": {
    "weights": [
      0.13463450021472956,
      0.20497876558626982,
      0.18347724355707679,
      0.2689404695480563,
      0.20796902109386747
    ],
    "means": [
      [
        139.5003031070672,
        129.06286005164554
      ],
      [
        126.23648900223282,
        124.55686768341141
      ],
      [
        132.24628844552592,
        131.132203562424
      ],
      [
        118.75104822253853,
        123.37680979766326
      ],
      [
        124.48106702473163,
        131.17928788653802
      ]
    ],
    "prec_chol": [
      [
        [
          0.26819588056290283,
          0.015298116447832074
        ],
        [
          0.0,
          0.3126382247028143
        ]
      ],
      [
        [
          0.2962079810246825,
          -0.07964104023941126
        ],
        [
          0.0,
          0.38450616967758855
        ]
      ],
      [
        [
          0.3270222451774679,
          0.018736870391130832
        ],
        [
          0.0,
          0.3094920885683839
        ]
      ],
      [
        [
          0.3483479315218886,
          -0.012373091745208268
        ],
        [
          0.0,
          0.3032269177925779
        ]
      ],
      [
        [
          0.30168285881149165,
          -0.14691981580804625
        ],
        [
          0.0,
          0.3607742618634757
        ]
      ]
    ],
    "log_dets": [
      4.957492512750011,
      4.344977753971511,
      4.581099662986756,
      4.495654691218952,
      4.435763558818789
    ],
    "threshold": -11.236885852372353
  }
}